Idioma,Nombre_Idioma,Media_IDTL,Mediana_IDTL,Desv_IDTL,Min_IDTL,Max_IDTL
deu_Latn,Deutsch,1.5860587982989236,1.5588235294117647,0.26579026019751,0.8421052631578947,2.761904761904762
eng_Latn,English,1.0,1.0,0.0,1.0,1.0
por_Latn,Português,1.4933804680492528,1.4666666666666666,0.2379974172222351,0.8571428571428571,2.923076923076923
spa_Latn,Español,1.5652679458746783,1.5405405405405406,0.2653371262403795,0.8387096774193549,2.75
zho_Hans,中文,1.8902965316334406,1.8571428571428572,0.38993180697526003,0.9166666666666666,3.7857142857142856
