Idioma,Nombre_Idioma,Media_Tokens,Mediana_Tokens,Desv_Tokens,Min_Tokens,Max_Tokens,Media_Tokens_Palabra,Media_Tokens_Caracter,N
deu_Latn,Deutsch,40.7382146439318,39.0,14.069701490158016,10,105,1.9602668398671632,0.2782952602545282,997
eng_Latn,English,25.87863590772317,25.0,8.51848421010368,7,69,1.240014885300467,0.20830933927693793,997
por_Latn,Português,38.29187562688064,36.0,12.830923371716521,9,95,1.7198518738535904,0.282795629221419,997
spa_Latn,Español,40.00601805416249,38.0,13.153861035156316,10,90,1.6261051173312522,0.2699733430826666,997
zho_Hans,中文,48.90070210631896,46.0,18.893199343527343,7,134,36.157204552941764,1.1788621145694138,997
